Zeit_ID;Datum;Jahr;Quartal;Monat;Jahr_Monat
202001;2020-01-01;2020;1;1;2020-01
202002;2020-02-01;2020;1;2;2020-02
202003;2020-03-01;2020;1;3;2020-03
202004;2020-04-01;2020;2;4;2020-04
202005;2020-05-01;2020;2;5;2020-05
202006;2020-06-01;2020;2;6;2020-06
202007;2020-07-01;2020;3;7;2020-07
202008;2020-08-01;2020;3;8;2020-08
202009;2020-09-01;2020;3;9;2020-09
202010;2020-10-01;2020;4;10;2020-10
202011;2020-11-01;2020;4;11;2020-11
202012;2020-12-01;2020;4;12;2020-12
202101;2021-01-01;2021;1;1;2021-01
202102;2021-02-01;2021;1;2;2021-02
202103;2021-03-01;2021;1;3;2021-03
202104;2021-04-01;2021;2;4;2021-04
202105;2021-05-01;2021;2;5;2021-05
202106;2021-06-01;2021;2;6;2021-06
202107;2021-07-01;2021;3;7;2021-07
202108;2021-08-01;2021;3;8;2021-08
202109;2021-09-01;2021;3;9;2021-09
202110;2021-10-01;2021;4;10;2021-10
202111;2021-11-01;2021;4;11;2021-11
202112;2021-12-01;2021;4;12;2021-12
202201;2022-01-01;2022;1;1;2022-01
202202;2022-02-01;2022;1;2;2022-02
202203;2022-03-01;2022;1;3;2022-03
202204;2022-04-01;2022;2;4;2022-04
202205;2022-05-01;2022;2;5;2022-05
202206;2022-06-01;2022;2;6;2022-06
202207;2022-07-01;2022;3;7;2022-07
202208;2022-08-01;2022;3;8;2022-08
202209;2022-09-01;2022;3;9;2022-09
202210;2022-10-01;2022;4;10;2022-10
202211;2022-11-01;2022;4;11;2022-11
202212;2022-12-01;2022;4;12;2022-12
202301;2023-01-01;2023;1;1;2023-01
202302;2023-02-01;2023;1;2;2023-02
202303;2023-03-01;2023;1;3;2023-03
202304;2023-04-01;2023;2;4;2023-04
202305;2023-05-01;2023;2;5;2023-05
202306;2023-06-01;2023;2;6;2023-06
202307;2023-07-01;2023;3;7;2023-07
202308;2023-08-01;2023;3;8;2023-08
202309;2023-09-01;2023;3;9;2023-09
202310;2023-10-01;2023;4;10;2023-10
202311;2023-11-01;2023;4;11;2023-11
202312;2023-12-01;2023;4;12;2023-12
202401;2024-01-01;2024;1;1;2024-01
202402;2024-02-01;2024;1;2;2024-02
202403;2024-03-01;2024;1;3;2024-03
202404;2024-04-01;2024;2;4;2024-04
202405;2024-05-01;2024;2;5;2024-05
202406;2024-06-01;2024;2;6;2024-06
202407;2024-07-01;2024;3;7;2024-07
202408;2024-08-01;2024;3;8;2024-08
202409;2024-09-01;2024;3;9;2024-09
202410;2024-10-01;2024;4;10;2024-10
202411;2024-11-01;2024;4;11;2024-11
202412;2024-12-01;2024;4;12;2024-12
202501;2025-01-01;2025;1;1;2025-01
202502;2025-02-01;2025;1;2;2025-02
202503;2025-03-01;2025;1;3;2025-03
202504;2025-04-01;2025;2;4;2025-04
202505;2025-05-01;2025;2;5;2025-05
202506;2025-06-01;2025;2;6;2025-06
202507;2025-07-01;2025;3;7;2025-07
202508;2025-08-01;2025;3;8;2025-08
202509;2025-09-01;2025;3;9;2025-09
202510;2025-10-01;2025;4;10;2025-10
202511;2025-11-01;2025;4;11;2025-11
202512;2025-12-01;2025;4;12;2025-12
202601;2026-01-01;2026;1;1;2026-01
202602;2026-02-01;2026;1;2;2026-02
202603;2026-03-01;2026;1;3;2026-03
202604;2026-04-01;2026;2;4;2026-04
202605;2026-05-01;2026;2;5;2026-05
202606;2026-06-01;2026;2;6;2026-06
202607;2026-07-01;2026;3;7;2026-07
202608;2026-08-01;2026;3;8;2026-08
202609;2026-09-01;2026;3;9;2026-09
