Zeit_ID;Zinsart_ID;Zinssatz
202001;1;6,07
202001;2;8,94
202001;3;4,45
202001;4;6,58
202001;5;1,24
202001;6;0,0
202001;7;-0,5
202001;8;0,25
202002;1;5,81
202002;2;8,58
202002;3;4,41
202002;4;6,34
202002;5;1,19
202002;6;0,0
202002;7;-0,5
202002;8;0,25
202003;1;5,84
202003;2;8,46
202003;3;4,57
202003;4;6,26
202003;5;1,2
202003;6;0,0
202003;7;-0,5
202003;8;0,25
202004;1;6,31
202004;2;8,11
202004;3;5,06
202004;4;6,59
202004;5;1,35
202004;6;0,0
202004;7;-0,5
202004;8;0,25
202005;1;5,93
202005;2;7,79
202005;3;4,49
202005;4;6,39
202005;5;1,38
202005;6;0,0
202005;7;-0,5
202005;8;0,25
202006;1;5,87
202006;2;8,62
202006;3;4,39
202006;4;6,34
202006;5;1,36
202006;6;0,0
202006;7;-0,5
202006;8;0,25
202007;1;5,74
202007;2;8,75
202007;3;4,26
202007;4;6,29
202007;5;1,43
202007;6;0,0
202007;7;-0,5
202007;8;0,25
202008;1;5,74
202008;2;8,79
202008;3;4,33
202008;4;6,18
202008;5;1,52
202008;6;0,0
202008;7;-0,5
202008;8;0,25
202009;1;5,56
202009;2;8,53
202009;3;4,12
202009;4;6,19
202009;5;1,37
202009;6;0,0
202009;7;-0,5
202009;8;0,25
202010;1;5,73
202010;2;8,39
202010;3;4,32
202010;4;6,14
202010;5;1,37
202010;6;0,0
202010;7;-0,5
202010;8;0,25
202011;1;5,71
202011;2;8,9
202011;3;4,26
202011;4;6,06
202011;5;1,39
202011;6;0,0
202011;7;-0,5
202011;8;0,25
202012;1;5,53
202012;2;8,08
202012;3;4,24
202012;4;5,97
202012;5;1,33
202012;6;0,0
202012;7;-0,5
202012;8;0,25
202101;1;5,88
202101;2;7,99
202101;3;4,45
202101;4;6,26
202101;5;1,36
202101;6;0,0
202101;7;-0,5
202101;8;0,25
202102;1;5,65
202102;2;7,76
202102;3;4,33
202102;4;6,11
202102;5;1,37
202102;6;0,0
202102;7;-0,5
202102;8;0,25
202103;1;5,35
202103;2;6,23
202103;3;4,05
202103;4;5,92
202103;5;1,09
202103;6;0,0
202103;7;-0,5
202103;8;0,25
202104;1;5,51
202104;2;6,76
202104;3;4,25
202104;4;5,92
202104;5;1,52
202104;6;0,0
202104;7;-0,5
202104;8;0,25
202105;1;5,49
202105;2;7,01
202105;3;4,24
202105;4;5,9
202105;5;1,32
202105;6;0,0
202105;7;-0,5
202105;8;0,25
202106;1;5,52
202106;2;7,2
202106;3;4,23
202106;4;5,94
202106;5;1,28
202106;6;0,0
202106;7;-0,5
202106;8;0,25
202107;1;5,55
202107;2;7,15
202107;3;4,26
202107;4;5,98
202107;5;1,35
202107;6;0,0
202107;7;-0,5
202107;8;0,25
202108;1;5,54
202108;2;7,54
202108;3;4,3
202108;4;5,89
202108;5;1,33
202108;6;0,0
202108;7;-0,5
202108;8;0,25
202109;1;5,54
202109;2;7,59
202109;3;4,29
202109;4;5,94
202109;5;1,36
202109;6;0,0
202109;7;-0,5
202109;8;0,25
202110;1;5,58
202110;2;7,55
202110;3;4,34
202110;4;5,95
202110;5;1,21
202110;6;0,0
202110;7;-0,5
202110;8;0,25
202111;1;5,46
202111;2;7,24
202111;3;4,34
202111;4;5,88
202111;5;1,18
202111;6;0,0
202111;7;-0,5
202111;8;0,25
202112;1;5,35
202112;2;6,75
202112;3;4,31
202112;4;5,84
202112;5;1,2
202112;6;0,0
202112;7;-0,5
202112;8;0,25
202201;1;5,53
202201;2;7,29
202201;3;4,29
202201;4;6,01
202201;5;1,29
202201;6;0,0
202201;7;-0,5
202201;8;0,25
202202;1;5,41
202202;2;7,31
202202;3;4,28
202202;4;5,9
202202;5;1,32
202202;6;0,0
202202;7;-0,5
202202;8;0,25
202203;1;5,34
202203;2;7,28
202203;3;4,08
202203;4;5,97
202203;5;1,5
202203;6;0,0
202203;7;-0,5
202203;8;0,25
202204;1;5,7
202204;2;7,93
202204;3;4,46
202204;4;6,08
202204;5;1,53
202204;6;0,0
202204;7;-0,5
202204;8;0,25
202205;1;5,81
202205;2;8,04
202205;3;4,56
202205;4;6,24
202205;5;1,49
202205;6;0,0
202205;7;-0,5
202205;8;0,25
202206;1;5,99
202206;2;8,5
202206;3;4,66
202206;4;6,46
202206;5;2,19
202206;6;0,0
202206;7;-0,5
202206;8;0,25
202207;1;6,15
202207;2;8,76
202207;3;4,8
202207;4;6,65
202207;5;1,89
202207;6;0,5
202207;7;0,0
202207;8;0,75
202208;1;6,33
202208;2;8,79
202208;3;4,92
202208;4;6,88
202208;5;1,97
202208;6;0,5
202208;7;0,0
202208;8;0,75
202209;1;6,43
202209;2;8,64
202209;3;4,96
202209;4;7,09
202209;5;2,67
202209;6;1,25
202209;7;0,75
202209;8;1,5
202210;1;6,74
202210;2;8,79
202210;3;5,28
202210;4;7,43
202210;5;2,86
202210;6;1,25
202210;7;0,75
202210;8;1,5
202211;1;6,81
202211;2;7,51
202211;3;5,37
202211;4;7,74
202211;5;3,14
202211;6;2,0
202211;7;1,5
202211;8;2,25
202212;1;6,62
202212;2;7,64
202212;3;5,26
202212;4;7,79
202212;5;3,45
202212;6;2,5
202212;7;2,0
202212;8;2,75
202301;1;7,49
202301;2;7,95
202301;3;6,01
202301;4;8,34
202301;5;3,59
202301;6;2,5
202301;7;2,0
202301;8;2,75
202302;1;7,56
202302;2;8,96
202302;3;6,13
202302;4;8,24
202302;5;3,88
202302;6;3,0
202302;7;2,5
202302;8;3,25
202303;1;7,74
202303;2;8,71
202303;3;6,39
202303;4;8,42
202303;5;4,36
202303;6;3,5
202303;7;3,0
202303;8;3,75
202304;1;8,1
202304;2;9,77
202304;3;6,69
202304;4;8,62
202304;5;4,45
202304;6;3,5
202304;7;3,0
202304;8;3,75
202305;1;8,13
202305;2;9,98
202305;3;6,79
202305;4;8,66
202305;5;4,65
202305;6;3,75
202305;7;3,25
202305;8;4,0
202306;1;8,05
202306;2;10,32
202306;3;6,62
202306;4;8,72
202306;5;4,88
202306;6;4,0
202306;7;3,5
202306;8;4,25
202307;1;8,4
202307;2;10,92
202307;3;7,04
202307;4;8,94
202307;5;5,06
202307;6;4,0
202307;7;3,5
202307;8;4,25
202308;1;8,46
202308;2;10,65
202308;3;7,13
202308;4;9,02
202308;5;5,11
202308;6;4,25
202308;7;3,75
202308;8;4,5
202309;1;8,57
202309;2;10,21
202309;3;7,18
202309;4;9,11
202309;5;5,16
202309;6;4,5
202309;7;4,0
202309;8;4,75
202310;1;8,66
202310;2;9,43
202310;3;7,21
202310;4;9,24
202310;5;5,39
202310;6;4,5
202310;7;4,0
202310;8;4,75
202311;1;8,72
202311;2;8,45
202311;3;7,29
202311;4;9,29
202311;5;5,17
202311;6;4,5
202311;7;4,0
202311;8;4,75
202312;1;8,69
202312;2;7,99
202312;3;7,22
202312;4;9,04
202312;5;5,19
202312;6;4,5
202312;7;4,0
202312;8;4,75
202401;1;8,73
202401;2;7,86
202401;3;7,3
202401;4;9,16
202401;5;5,16
202401;6;4,5
202401;7;4,0
202401;8;4,75
202402;1;8,56
202402;2;7,86
202402;3;7,24
202402;4;8,99
202402;5;5,06
202402;6;4,5
202402;7;4,0
202402;8;4,75
202403;1;8,27
202403;2;8,15
202403;3;6,87
202403;4;8,79
202403;5;5,19
202403;6;4,5
202403;7;4,0
202403;8;4,75
202404;1;8,34
202404;2;7,46
202404;3;6,91
202404;4;8,91
202404;5;5,2
202404;6;4,5
202404;7;4,0
202404;8;4,75
202405;1;8,46
202405;2;7,04
202405;3;7,09
202405;4;8,97
202405;5;5,1
202405;6;4,5
202405;7;4,0
202405;8;4,75
202406;1;8,29
202406;2;6,76
202406;3;6,95
202406;4;8,86
202406;5;5,06
202406;6;4,25
202406;7;3,75
202406;8;4,5
202407;1;8,33
202407;2;7,03
202407;3;6,9
202407;4;8,98
202407;5;4,98
202407;6;4,25
202407;7;3,75
202407;8;4,5
202408;1;8,42
202408;2;6,99
202408;3;6,87
202408;4;8,87
202408;5;5,02
202408;6;4,25
202408;7;3,75
202408;8;4,5
202409;1;8,45
202409;2;7,18
202409;3;6,96
202409;4;8,85
202409;5;4,68
202409;6;3,65
202409;7;3,5
202409;8;3,9
202410;1;8,46
202410;2;7,02
202410;3;6,77
202410;4;8,9
202410;5;4,68
202410;6;3,4
202410;7;3,25
202410;8;3,65
202411;1;8,49
202411;2;6,15
202411;3;6,79
202411;4;8,98
202411;5;4,45
202411;6;3,4
202411;7;3,25
202411;8;3,65
202412;1;8,41
202412;2;6,73
202412;3;6,87
202412;4;8,66
202412;5;4,27
202412;6;3,15
202412;7;3,0
202412;8;3,4
202501;1;8,54
202501;2;7,23
202501;3;7,14
202501;4;8,73
202501;5;4,24
202501;6;3,15
202501;7;3,0
202501;8;3,4
202502;1;8,34
202502;2;6,57
202502;3;6,98
202502;4;8,58
202502;5;4,13
202502;6;2,9
202502;7;2,75
202502;8;3,15
202503;1;8,13
202503;2;6,42
202503;3;6,69
202503;4;8,6
202503;5;3,77
202503;6;2,65
202503;7;2,5
202503;8;2,9
202504;1;8,33
202504;2;6,76
202504;3;7,01
202504;4;8,59
202504;5;3,66
202504;6;2,4
202504;7;2,25
202504;8;2,65
202505;1;8,3
202505;2;6,78
202505;3;6,95
202505;4;8,55
202505;5;3,49
202505;6;2,4
202505;7;2,25
202505;8;2,65
202506;1;8,26
202506;2;6,52
202506;3;6,91
202506;4;8,52
202506;5;3,49
202506;6;2,15
202506;7;2,0
202506;8;2,4
202507;1;8,36
202507;2;6,58
202507;3;6,94
202507;4;8,75
202507;5;3,36
202507;6;2,15
202507;7;2,0
202507;8;2,4
202508;1;8,35
202508;2;6,8
202508;3;6,91
202508;4;8,67
202508;5;3,23
202508;6;2,15
202508;7;2,0
202508;8;2,4
202509;1;8,27
202509;2;6,52
202509;3;6,85
202509;4;8,59
202509;5;3,33
202509;6;2,15
202509;7;2,0
202509;8;2,4
202510;1;8,32
202510;2;6,41
202510;3;6,9
202510;4;8,62
202510;5;3,37
202510;6;2,15
202510;7;2,0
202510;8;2,4
202511;1;8,43
202511;2;6,33
202511;3;6,93
202511;4;8,74
202511;5;3,34
202511;6;2,15
202511;7;2,0
202511;8;2,4
202512;1;8,32
202512;2;6,36
202512;3;6,8
202512;4;8,53
202512;5;3,48
202512;6;2,15
202512;7;2,0
202512;8;2,4
202601;1;8,55
202601;2;6,77
202601;3;7,04
202601;4;8,7
202601;5;3,47
202601;6;2,15
202601;7;2,0
202601;8;2,4
202602;1;8,47
202602;2;6,19
202602;3;7,01
202602;4;8,73
202602;5;3,35
202602;6;2,15
202602;7;2,0
202602;8;2,4
202603;1;8,13
202603;2;6,41
202603;3;6,66
202603;4;8,6
202603;5;3,58
202603;6;2,15
202603;7;2,0
202603;8;2,4
202604;1;8,54
202604;2;6,22
202604;3;6,95
202604;4;8,88
202604;5;3,55
202604;6;2,15
202604;7;2,0
202604;8;2,4
202605;1;8,53
202605;2;6,44
202605;3;6,99
202605;4;8,89
202605;5;3,48
202605;6;2,15
202605;7;2,0
202605;8;2,4
202606;1;8,35
202606;2;6,53
202606;3;6,93
202606;4;8,74
202606;5;3,79
202606;6;2,4
202606;7;2,25
202606;8;2,65
202607;1;8,58
202607;2;6,35
202607;3;7,05
202607;4;9,0
202607;5;3,78
202607;6;2,4
202607;7;2,25
202607;8;2,65
202608;6;2,4
202608;7;2,25
202608;8;2,65
202609;6;2,65
202609;7;2,5
202609;8;2,9
