Zeit;Konsum_gesamt;Konsum_bis_1J;Konsum_1_bis_5J;Konsum_ueber_5J;Unternehmen_gesamt;Hauptrefinanzierungssatz;Einlagefazilitaet;Spitzenrefinanzierung
2020-01-01;6,07;8,94;4,45;6,58;1,24;0,0;-0,5;0,25
2020-02-01;5,81;8,58;4,41;6,34;1,19;0,0;-0,5;0,25
2020-03-01;5,84;8,46;4,57;6,26;1,2;0,0;-0,5;0,25
2020-04-01;6,31;8,11;5,06;6,59;1,35;0,0;-0,5;0,25
2020-05-01;5,93;7,79;4,49;6,39;1,38;0,0;-0,5;0,25
2020-06-01;5,87;8,62;4,39;6,34;1,36;0,0;-0,5;0,25
2020-07-01;5,74;8,75;4,26;6,29;1,43;0,0;-0,5;0,25
2020-08-01;5,74;8,79;4,33;6,18;1,52;0,0;-0,5;0,25
2020-09-01;5,56;8,53;4,12;6,19;1,37;0,0;-0,5;0,25
2020-10-01;5,73;8,39;4,32;6,14;1,37;0,0;-0,5;0,25
2020-11-01;5,71;8,9;4,26;6,06;1,39;0,0;-0,5;0,25
2020-12-01;5,53;8,08;4,24;5,97;1,33;0,0;-0,5;0,25
2021-01-01;5,88;7,99;4,45;6,26;1,36;0,0;-0,5;0,25
2021-02-01;5,65;7,76;4,33;6,11;1,37;0,0;-0,5;0,25
2021-03-01;5,35;6,23;4,05;5,92;1,09;0,0;-0,5;0,25
2021-04-01;5,51;6,76;4,25;5,92;1,52;0,0;-0,5;0,25
2021-05-01;5,49;7,01;4,24;5,9;1,32;0,0;-0,5;0,25
2021-06-01;5,52;7,2;4,23;5,94;1,28;0,0;-0,5;0,25
2021-07-01;5,55;7,15;4,26;5,98;1,35;0,0;-0,5;0,25
2021-08-01;5,54;7,54;4,3;5,89;1,33;0,0;-0,5;0,25
2021-09-01;5,54;7,59;4,29;5,94;1,36;0,0;-0,5;0,25
2021-10-01;5,58;7,55;4,34;5,95;1,21;0,0;-0,5;0,25
2021-11-01;5,46;7,24;4,34;5,88;1,18;0,0;-0,5;0,25
2021-12-01;5,35;6,75;4,31;5,84;1,2;0,0;-0,5;0,25
2022-01-01;5,53;7,29;4,29;6,01;1,29;0,0;-0,5;0,25
2022-02-01;5,41;7,31;4,28;5,9;1,32;0,0;-0,5;0,25
2022-03-01;5,34;7,28;4,08;5,97;1,5;0,0;-0,5;0,25
2022-04-01;5,7;7,93;4,46;6,08;1,53;0,0;-0,5;0,25
2022-05-01;5,81;8,04;4,56;6,24;1,49;0,0;-0,5;0,25
2022-06-01;5,99;8,5;4,66;6,46;2,19;0,0;-0,5;0,25
2022-07-01;6,15;8,76;4,8;6,65;1,89;0,5;0,0;0,75
2022-08-01;6,33;8,79;4,92;6,88;1,97;0,5;0,0;0,75
2022-09-01;6,43;8,64;4,96;7,09;2,67;1,25;0,75;1,5
2022-10-01;6,74;8,79;5,28;7,43;2,86;1,25;0,75;1,5
2022-11-01;6,81;7,51;5,37;7,74;3,14;2,0;1,5;2,25
2022-12-01;6,62;7,64;5,26;7,79;3,45;2,5;2,0;2,75
2023-01-01;7,49;7,95;6,01;8,34;3,59;2,5;2,0;2,75
2023-02-01;7,56;8,96;6,13;8,24;3,88;3,0;2,5;3,25
2023-03-01;7,74;8,71;6,39;8,42;4,36;3,5;3,0;3,75
2023-04-01;8,1;9,77;6,69;8,62;4,45;3,5;3,0;3,75
2023-05-01;8,13;9,98;6,79;8,66;4,65;3,75;3,25;4,0
2023-06-01;8,05;10,32;6,62;8,72;4,88;4,0;3,5;4,25
2023-07-01;8,4;10,92;7,04;8,94;5,06;4,0;3,5;4,25
2023-08-01;8,46;10,65;7,13;9,02;5,11;4,25;3,75;4,5
2023-09-01;8,57;10,21;7,18;9,11;5,16;4,5;4,0;4,75
2023-10-01;8,66;9,43;7,21;9,24;5,39;4,5;4,0;4,75
2023-11-01;8,72;8,45;7,29;9,29;5,17;4,5;4,0;4,75
2023-12-01;8,69;7,99;7,22;9,04;5,19;4,5;4,0;4,75
2024-01-01;8,73;7,86;7,3;9,16;5,16;4,5;4,0;4,75
2024-02-01;8,56;7,86;7,24;8,99;5,06;4,5;4,0;4,75
2024-03-01;8,27;8,15;6,87;8,79;5,19;4,5;4,0;4,75
2024-04-01;8,34;7,46;6,91;8,91;5,2;4,5;4,0;4,75
2024-05-01;8,46;7,04;7,09;8,97;5,1;4,5;4,0;4,75
2024-06-01;8,29;6,76;6,95;8,86;5,06;4,25;3,75;4,5
2024-07-01;8,33;7,03;6,9;8,98;4,98;4,25;3,75;4,5
2024-08-01;8,42;6,99;6,87;8,87;5,02;4,25;3,75;4,5
2024-09-01;8,45;7,18;6,96;8,85;4,68;3,65;3,5;3,9
2024-10-01;8,46;7,02;6,77;8,9;4,68;3,4;3,25;3,65
2024-11-01;8,49;6,15;6,79;8,98;4,45;3,4;3,25;3,65
2024-12-01;8,41;6,73;6,87;8,66;4,27;3,15;3,0;3,4
2025-01-01;8,54;7,23;7,14;8,73;4,24;3,15;3,0;3,4
2025-02-01;8,34;6,57;6,98;8,58;4,13;2,9;2,75;3,15
2025-03-01;8,13;6,42;6,69;8,6;3,77;2,65;2,5;2,9
2025-04-01;8,33;6,76;7,01;8,59;3,66;2,4;2,25;2,65
2025-05-01;8,3;6,78;6,95;8,55;3,49;2,4;2,25;2,65
2025-06-01;8,26;6,52;6,91;8,52;3,49;2,15;2,0;2,4
2025-07-01;8,36;6,58;6,94;8,75;3,36;2,15;2,0;2,4
2025-08-01;8,35;6,8;6,91;8,67;3,23;2,15;2,0;2,4
2025-09-01;8,27;6,52;6,85;8,59;3,33;2,15;2,0;2,4
2025-10-01;8,32;6,41;6,9;8,62;3,37;2,15;2,0;2,4
2025-11-01;8,43;6,33;6,93;8,74;3,34;2,15;2,0;2,4
2025-12-01;8,32;6,36;6,8;8,53;3,48;2,15;2,0;2,4
2026-01-01;8,55;6,77;7,04;8,7;3,47;2,15;2,0;2,4
2026-02-01;8,47;6,19;7,01;8,73;3,35;2,15;2,0;2,4
2026-03-01;8,13;6,41;6,66;8,6;3,58;2,15;2,0;2,4
2026-04-01;8,54;6,22;6,95;8,88;3,55;2,15;2,0;2,4
2026-05-01;8,53;6,44;6,99;8,89;3,48;2,15;2,0;2,4
2026-06-01;8,35;6,53;6,93;8,74;3,79;2,4;2,25;2,65
2026-07-01;8,58;6,35;7,05;9,0;3,78;2,4;2,25;2,65
2026-08-01;;;;;;2,4;2,25;2,65
2026-09-01;;;;;;2,65;2,5;2,9
